Name,Address
Aberdeen North Foodbank,"10 Urquhart Road, Aberdeen AB24 5LL, United Kingdom"
Aberdeen South Foodbank,"TLC, Citrus House, Greenbank Road, Aberdeen, AB12 3BQ"
Aberdeenshire North Foodbank,4 St James's Place Inverurie Aberdeenshire AB51 3UB
Aberdeenshire South Foodbank,"Banchory West Parish Church of Scotland, High Street, Banchory, Aberdeenshire AB31 5TB, UK"
Abergavenny Foodbank,"Abergavenny Baptist Church Frogmore Steet Abergavenny,  NP7 5AH"
Abergele District Foodbank,"Bridge Street, Abergele, Conwy LL22 7HA, UK"
Abingdon Foodbank,"4 Northcourt Rd, Abingdon OX14 1PL, UK"
Airdrie Foodbank,"Calderbank Parish Church, Calderbank, United Kingdom"
Alton Foodbank,"Alton Food Bank, Market Street, Alton GU34 1HD, United Kingdom"
Ammanford Foodbank,"Ammanford Evangelical Church, Wind Street, Ammanford, Carmarthenshire, United Kingdom"
Andover Foodbank,"Alexandra Road, Andover SP10 3AD, United Kingdom"
Anglesey Foodbank,Elim Church Thomas Street HolyheadAnglesey LL65 1RR
Angus Foodbank,"29 Craig O Loch Rd, Forfar, Angus DD8 1BZ, UK"
Antrim Foodbank,Oasis Antrim 10d High Street Antrim BT41 4AN
Arden Foodbank,"B495DZ, B80 7NJ"
Arfon Foodbank,"Cibyn Bungalow, Caernarfon LL55 2ED, UK"
Armagh Foodbank,"Armagh Elim Church, Drummanmore Road, Armagh, BT61 8RN"
Arnold Foodbank,"Daybrook Baptist Church, Mansfield Road, Nottingham NG5 6AA"
Ashby Foodbank,"Ashby-de-la-Zouch, UK"
Aston & Nechells Foodbank,"A47, Birmingham B7, UK"
Atherton & Leigh Foodbank,Atherton Parish Church St John the Baptist Market Street Atherton Manchester M46 0DD
Aylesbury Foodbank,United Kingdom
Ayrshire (East) Foodbank,Ayrshire (East) foodbank Darvel Parish Church Hastings Square DARVEL KA17 0DR
B30 Foodbank,The Cotteridge Church 24 Pershore Road South Birmingham B30 3EJ
Ballycastle Foodbank,Coleraine Road Ballycastle Northern Ireland BT54 6BA
Ballymena Foodbank,"Green Pastures, The Peoples Church, Fenaghy Road, Galgorm, Ballymena, BT42 1AQ"
Ballymoney Foodbank,"40 Ballymena Rd, Ballymoney, Ballymoney BT53 7EY, UK"
Banbury Foodbank,"Horse Fair, Banbury OX16 0AH, United Kingdom"
Bangor NI Foodbank,"5 Balloo Dr, Bangor BT19 7AT, UK"
Barking Foodbank,93 Axe Street Barking IG11 7LZ
Barnsley Foodbank,Unit 14 Aldham Industrial Estate Wombwell Barnsley South Yorkshire  S73 8HA
Barrow Foodbank,Abbey Road Baptist Church Abbey Road (corner of park drive) Barrow-in-Furness LA14 5EY
Basildon Foodbank,"Pitsea Leisure Centre,  Northlands Pavement,  Pitsea,  Basildon,  Essex,  SS13 3DU"
Basingstoke Foodbank,"50-54 Sarum Hill, Basingstoke, Hampshire RG21, UK"
Bath Foodbank,"The Old School House,  St John’s Court, South Parade,  Bath, BA2 4AF"
Bedford Foodbank,"71 Murdock Rd, Bedford, Bedford MK41 7PL, UK"
Bedworth Foodbank,"22 Coventry Rd, Bedworth, Warwickshire CV12 8NN, UK"
Bestwood & Bulwell Foodbank,"St Philip's Church, Knights Close, off Old Farm Road, Top Valley, Nottingham, NG5 9AJ"
Bexhill Foodbank,"19-20 Station Road, Bexhill-on-Sea TN40 1RE, United Kingdom"
Bexley Foodbank,"c/o Avery Hill Christian Fellowship, Southspring, Sidcup, DA15 8EA"
Bicester Foodbank,"29A Market Square, Bicester OX26 6AG, UK"
Billingham & Stockton Borough Foodbank,"16 W Precinct, Billingham, Stockton-on-Tees TS23 2NL, UK"
Birmingham Central Foodbank,"Birmingham City Church, Parade, Birmingham, UK"
Blackburn Foodbank,"59 Oakenhurst Rd, Blackburn BB2 1SN, UK"
Blackwood & District,"Blackwood NP12 3LY, UK"
Blaenau Gwent Foodbank,"The Christian Centre, Crown Buildings, Ebbw Vale, NP23 6YQ"
Bloxwich & Blakenall Foodbank,"Blakenall Village Centre, Thames Road, Blakenall, Walsall, WS3 1LZ"
Bognor Regis Foodbank,"Argyle Road, Bognor Regis PO21 1DY, United Kingdom"
Borehamwood Foodbank,"St Teresa's Church 291 Shenley Rd, Borehamwood, Herts, WD6 1TG"
Boston Foodbank,"Blenkin Memorial Hall, Wormgate, Boston, UK"
Bourne Foodbank,Bourne United Reformed Church Eastgate Bourne Lincolnshire Pe10 9JY
Bournemouth Foodbank,"118 Haviland Rd, Bournemouth BH7 6HW, UK"
Bracknell Foodbank,"The Kerith Centre, Kerith Community Church Bracknell, Church Rd, Bracknell, Bracknell Forest RG12 1EH"
Bradford Central Foodbank,"86 Captain Street, Bradford BD1 4BL"
Bradford North Foodbank,"Inspire Bradford Business Park, Bradford BD10 0JE, UK"
Bradford on Avon Foodbank,"The Hub @ BA15, Church Street, Bradford on Avon, BA15 1LS"
Braintree Area Foodbank,"Lakes Industrial Park, Chapel Hill, Braintree, United Kingdom"
Brecon Foodbank,"St Johns Centre, Pendre Close, Brecon. LD3 9EA"
Brent Foodbank,The Vestry Hall Neasden Lane  London  NW10 2TS
Brentwood Foodbank,"165 Hanging Hill Lane, Brentwood, UK"
Bridgend Foodbank,"79a Nolton Street, Bridgend CF31 3AA, United Kingdom"
Bridgwater Foodbank,Mount Street Day Centre Mount Street Bridgwater Somerset TA6 3ER
Bristol North West Foodbank,"The Parish Church of Saint Andrew Avonmouth, Bristol, Bristol, City of Bristol BS11, UK"
Bromley Borough Foodbank,"Orpington Baptist Church Station Road Orpington Kent, BR6 0RZ"
Broxbourne Foodbank,"18 Fairways, New River Trading Estate, Cheshunt EN8 0NJ"
Buckfastleigh Foodbank,"11A Plymouth Rd, Buckfastleigh, Devon TQ11 0DA, UK"
Burnage Foodbank,"St Bernard's Church, Burnage Lane, Manchester M19 1DR"
Burngreave Foodbank,"191-199 Spital Hill, Sheffield S4, UK"
Caerphilly Foodbank,"Unnamed Road, Caerphilly CF83 1AL, UK"
Callington Foodbank,"1 Launceston Road, Callington, Cornwall PL17 7BS, UK"
Cambridge City Foodbank,"Cambridge CB4 0PP, United Kingdom"
Camden Foodbank,RCCG City Church  14 Pratt Mews  London  NW1 0AD
Cannock & District Foodbank,"Pye Green Christian Centre, 521 Pye Green Road, Hednesford, Cannock, Staffordshire, WS12 4LP"
Cardiff Foodbank,"Forgeside Cl, Cardiff CF24 5FB, UK"
Cardigan Foodbank,New Life Christian Centre Quay Street Cardigan Ceredigion SA43 1HU
Carmarthen Foodbank,"Unnamed Road, Johnstown, Carmarthen SA31 3BP, UK"
Carrickfergus Foodbank,"75 Woodburn Road, Carrickfergus, Co Antrim, BT38 8PS"
Caterham Foodbank,"4 Beechwood Road, Caterham, Surrey CR3, UK"
Causeway Foodbank,"5 Hillman's Way, Coleraine BT52 2DA, UK"
Chalk Farm Foodbank,"Revelation Church, London, United Kingdom"
Cheadle and District Foodbank,"Guild Hall, Tape street, Cheadle, ST10 1BG"
Cheddar Valley Foodbank,"Wessex Business Centre, Cheddar, UK"
Chelmsford Foodbank,"Chelmsford, United Kingdom"
Cheltenham Foodbank,"Elim Christian Centre Offices, 115 - 117 Saint George's Road, Cheltenham GL50 3EG, UK"
Chepstow Foodbank,The Bridge Church  Unit 1a Critchcraft Buildings Bulwark Industrial Estate Bulwark Chepstow NP16 5QZ
Chesterfield Foodbank,"Carrwood Rd, Chesterfield S41 9QB, UK"
Chichester District Foodbank,"78 Orchard St, Chichester, West Sussex PO19 1DE, UK"
Chiltern Foodbank,"71 Broadway, Chesham, Bucks, HP5 1BX"
Chipping Barnet Foodbank,"63 Somerset Rd, New Barnet, Barnet EN5 1JD, UK"
Chorlton & Didsbury Foodbank,"Manchester, Manchester M20 2ZD, UK"
Cirencester Foodbank,Cirencester Ashcroft Church Ashcroft Road Circencester Gl7 1RA
Clacton Foodbank,"103 Old Road, Clacton-on-Sea, Essex CO15 1HN, UK"
Clapham Park Foodbank,"All Nations Baptist Church The Bonneville Centre, 12 Poynders Road Clapham Park SW4 8NY"
Clay Cross Foodbank,Community of Christ Thanet Street CLAY CROSS S45 9JS
Clevedon District Foodbank,"St Andrew's Church, Church Close, Old Church Road, Clevedon, UK"
Clifton NG11 Foodbank,"14 Southchurch Dr, Clifton, Nottingham NG11 8AQ, UK"
"Clyde, Avon & Nethan Foodbank","96 Union St, Larkhall, South Lanarkshire ML9 1EF, UK"
Coalville Foodbank,"23 Margaret St, Coalville, Leicestershire LE67 3LY, UK"
Cobham Area,"Church Gate House, Downside Bridge Road, Cobham, UK"
Colchester Foodbank,"Colchester FoodBank, Moorside, Colchester, United Kingdom"
Colindale Foodbank,"5 Avion Cres, London NW9, UK"
Collier Row & Romford Foodbank,"Market Place, Romford RM1 3AB, United Kingdom"
Corby Foodbank,"St Peter’s and St Andrew’s Church, Beanfield Ave, Corby, NN18 0EH"
Coventry Foodbank,CV3 2NT
Craigavon Area Foodbank,"19 Carn Rd, Portadown, Craigavon BT63 5WG, UK"
Cramlington Foodbank,"Forum Way, Cramlington NE23 6YD, UK"
Cromer & District Foodbank,"21 West St, Cromer, Norfolk NR27 9DT, UK"
Crowborough Foodbank,"United Church, Croft Road CROWBOROUGH East Sussex TN6 1HA"
Crowthorne Foodbank,Vineyard Church Centre 25 Wellington Business Park Duke's Ride Crowthorne RG45 6LS
Croydon Foodbank,Unit 5 46 Pilton Estate  Pitlake Croydon CR0 3RA
Cumbernauld Foodbank,"Saint Mungo's Road, Cumbernauld, Glasgow G67 1QR, UK"
Cupar Foodbank,21 St Catherine Street Cupar Fife KY15 4TA
Dacorum Foodbank,"Paradise, Paradise Industrial Estate, Hemel Hempstead, Hertfordshire HP2 4TF, UK"
Dagenham Foodbank,"House Of Faith Connections, 104 New Road, Dagenham  Essex  RM9 6PE"
Deal Area Foodbank,"Unit C4, Enterprise Trading Estate, Western Road, Deal, CT14 6PJ"
Deepings Foodbank,"The Deepings SchoolPark Rd.,Deeping St JamesLincolnshirePE6 8NF"
Devizes & District Foodbank,"1 New Park Rd, Devizes SN10, UK"
Doncaster Foodbank,"Reachout at Christ Church, Thorne Road, Doncaster, DN1 2HG"
Dorking Area Foodbank,"1 Church St, Dorking RH4 1DS, UK"
Dover Foodbank,"Dover Baptist Church, 27-32 Maison Dieu Road, Dover, Kent CT16 1RF, UK"
Droitwich Spa Foodbank,Droitwich Baptist Church Ombersley Street East WR9 8QS
Droylsden and District,"Church Street, Droylsden, Manchester M43 7BR, UK"
Dumfriesshire Foodbank,"Apex Scotland, 77-79 Friars Vennel, Dumfries DG1 2RF, United Kingdom"
Dundee Foodbank,"6 Dunsinane Ave, Dundee DD2 3QN, UK"
Dundonald Foodbank,"971 Upper Newtownards Road, Dundonald, Down, BT16 1RL"
Dunfermline Foodbank,"Liberty Centre, Pitreavie Way, Pitreavie Business Park, Dunfermline, Fife KY11 8QS, UK"
Dunstable Foodbank,New Life Church Dunstable 80a Houghton Road Dunstable Bedfordshire LU5 5AD
Durham Foodbank,"1 Bridge End, Chester le Street, DH3 3RA"
Ealing Foodbank,"1 Church Rd, London W7 3BA, UK"
East & West Nottingham Foodbank,"Hope House & Boundary Community Centre, Boundary Road, Beeston, Nottingham NG9 2RF"
East Bristol Foodbank,"32 Stapleton Road Easton, Bristol, BS5 0QY"
East Dunbartonshire Foodbank,"52 Townhead, Kirkintilloch, Glasgow, G66 1NL"
East Elmbridge Foodbank,"Esher Green Baptist Church, Esher, United Kingdom"
East Grinstead Foodbank,"Jubilee Community Centre, Charlwoods Road, East Grinstead, West Sussex, RH19 2HL"
East Lothian Foodbank,"3 Civic Square, Tranent, East Lothian EH33 1LH, UK"
East Renfrewshire Foodbank,"Barrhead, Glasgow, East Renfrewshire G78 2RB, UK"
East Yorkshire Foodbank,"Mill Lane, Beverley HU17 9DH, UK"
Eastbourne Foodbank,"Unit 3, 55 Brampton Road, Eastbourne, BN22 9AF"
Eastern Valley Foodbank,"Hope Centre, Unit 5 Pavillion Industrial Estate, Pontnewynydd, Pontypool NP4 6NF"
Edinburgh Central Foodbank,"12 New Lairdship Yards, Edinburgh, City of Edinburgh EH11 3UY, UK"
Edinburgh East Foodbank,"New Lairdship Yards, Edinburgh EH11 3UY, United Kingdom"
Edinburgh NE Foodbank,"South Leith Parish Church Halls, 6 Henderson Street, Edinburgh, EH6 6BS"
Edinburgh North West Foodbank,Unit 12 New Lairdship Yards EDINBURGH EH11 3U
Edinburgh SE Foodbank,"47 Southhouse Broadway, Edinburgh EH17 8AS, UK"
Edinburgh SW Foodbank,"431 Gorgie Road, Edinburgh, City of Edinburgh EH11 2RT, UK"
Ely Foodbank,"10 Chapel St, Ely CB6 1AD, UK"
Enniskillen Foodbank,The Lakes Vineyard Church 6–8 Cross Street Enniskillen BT74 7DX
Epping Forest Foodbank,Epping Forest Foodbank  Unit-D8 Loughton Seedbed Centre Langston Road Loughton Essex IG10 3TQ
Epsom and Ewell Foodbank,"Generation Resource Centre, Ruxley Lane, Ewell, Surrey  KT19 0JG"
Erdington Foodbank,"10 Wood End Rd, Birmingham, West Midlands B24 8AD, UK"
Euston Foodbank,"St. Pancras Church House,  1 Lancing Street,  London,  NW1 1NA"
Exeter Foodbank,"Fore Street, Exeter EX4 3AT, United Kingdom"
Falkirk Foodbank,Unit 1 Tamfourhill Industrial Estate Tamfourhill Avenue Falkirk FK1 4RT
Fallowfield & Withington Foodbank,"Union Chapel Fallowfield Baptist, 2 Wellington Road, Manchester, Manchester M14 6EQ, UK"
Farnborough Foodbank,"St Christopher's Church, 55 Cove Road, Cove, Farnborough, Hampshire, GU14 0EX"
Farnham Foodbank,"The Vineyard Centre, Church House, Union Road, Farnham, Surrey, GU9 7PT"
Farnworth & Kearsley Foodbank,"The Well, Trafford Street, Farnworth BL4 7PQ"
Faversham Foodbank,"1 Tanners St, Faversham ME13 7JL, UK"
Flintshire Foodbank,"Mold CH7 6NW, UK"
Fosse Foodbank,"Warwick Rd, Kineton, Warwick CV35, UK"
Foyle Foodbank,"7-11 Springtown Rd, Londonderry BT48 0LY, UK"
Fylde Foodbank,United Reformed Church St George's Road Lytham St Anne's FY8 2AE
Gateshead Foodbank,"Gateshead Advice Centre, The Davidson Building, Swan Street, Gateshead, NE8 1BG"
Gillingham Foodbank,"11 High St, Gillingham SP8 4PP, UK"
Glasgow NE Foodbank,"142 Helenvale St, Glasgow, Glasgow City G31 4NA, UK"
Glasgow NW Foodbank,"Blawarthill Parish Church, Millbrix Ave, Glasgow, Glasgow City G14 0EP, UK"
Glasgow SE Foodbank,173 Butterbiggins Road Govanhill GLASGOW Glasgow G42 7AS
Glasgow SW Foodbank,"Ibrox Parish Church, Clifford Street, Glasgow, G51 1QL"
Gleadless Valley Foodbank,"Gleadless Valley Methodist Church, Blackstock Road, Sheffield, S14 1FT"
Glenrothes Foodbank,"Glenrothes Foodbank, Glenrothes, United Kingdom"
Gloucester Foodbank,"George Whitefield Centre, 107 Great Western Road, Gloucester, Gloucestershire, GL1 3NF"
Godmanchester Foodbank,"Godmanchester Baptist Church East Chadley Lane, Godmanchester, Huntingdon, PE29 2BJ"
Grantham Foodbank,Unit 1-2 Grey Friars Grantham NG31 6PG
Gravesham Foodbank,"Riverside Community Centre, Dickens Road, Gravesend, Kent, DA12 2JY"
Great Barr Foodbank,"Broome Avenue, Birmingham B43 5AL, United Kingdom"
Greenwich Foodbank,"20 Orangery Lane,  Greenwich,  London,  SE9 1HN"
Hackney Foodbank,"Florence Bennett Centre, London N1, UK"
Hailsham Foodbank,"Market Square, Hailsham, UK"
Hamilton District Foodbank,"22 Townhead Street, Hamilton, United Kingdom"
Hammersmith and Fulham Foodbank,"St Matthew's Church, Wandsworth Bridge Road, SW6 2TX"
Handsworth Birmingham Foodbank,New Life Wesleyan Church Holyhead Road Handsworth Birmingham B21 0LA
Handsworth Foodbank,s13 8Tb
Harlow Foodbank,Store House Unit 8 Housham Hall Farm Harlow Road Matching Tye Harlow CM17 0PB
Harold Hill Foodbank,Unit 1 Guardian Business Centre Faringdon Avenue Harold Hill ROMFORD Essex RM38FD
Harrogate District Foodbank,Mowbray Community Church Westmoreland Street Harrogate HG1 5AT
Harrow Foodbank,"Unit F2 Phoenix Business Centre, Harrow, Greater London HA1 2RZ, UK"
Hart Foodbank,GU52 7TF
Hartlepool Foodbank,"28 Church Street, Hartlepool, TS24 7DH"
Hastings Foodbank,"The Hastings Centre the Ridge, The Ridge, Hastings TN34 2SA, UK"
Hatfield Foodbank,"GRACEMEAD HOUSE, Woods Ave, Hatfield AL10 8HX, UK"
Haverhill Foodbank,"Reach Resource Centre, 5 Gloucester Rd, Haverhill, CB9 8JL"
Haywards Heath Foodbank,9 Sussex Road Haywards Heath West Sussex RH16 4DZ
Helston and Lizard Foodbank,"14-16 Wendron Street, Helston, Cornwall, TR13 8PS"
Hertford & District Foodbank,"Cowbridge, Hertford SG14 1PQ, UK"
Highbridge Area Foodbank,Hope Baptist Church Church Street Highbridge TA9 3HW
Highland Foodbank - Alness & Invergordon,Capstone Centre 1-3 Obsdale Road Alness IV17 0TY
Highland Foodbank - Badenoch and Strathspey,"St Andrews Church Hall,  Grampian Road,  Aviemore, PH22 1RH"
Highland Foodbank - Caithness,"Thurso, Thurso, Highland KW14 7BQ, UK"
Highland Foodbank - Dingwall,"Dingwall Free Church, High St, Dingwall IV15 9HA"
Highland Foodbank - Inverness & Nairn,"17 Glebe St, Inverness IV1 1RF, UK"
Highland Foodbank - Tain,St. Duthus House St. Duthus Street Tain IV19 1AL
Hillingdon Foodbank,"30, Oxford Road New Denham Uxbridge UB9 4DQ"
Hinckley Area Foodbank,"11 Deveron Way, Hinckley LE10 0XD, UK"
Horsham District Foodbank,"Micah House, Blatchford Road, Horsham, RH13 5QR"
Hull Foodbank,"31-33 Waltham St, Hull, Kingston upon Hull HU1 3SL, UK"
Hunstanton and District Foodbank,"Hunstanton PE36 6BE, United Kingdom"
Inverclyde Foodbank,64-66 West Blackhall Street Greenock PA15 1XG
Irlam and Cadishead Foodbank,Boundary Road Methodist Church Boundary Road Irlam M44 6HD
Isle of Wight Foodbank,"Isle of Wight Foodbank, Love Ln, Cowes PO31 7ET, UK"
Islington Foodbank,"Highbury Roundhouse Youth and Community Centre, 71 Ronalds Road, London, N5 1XB"
Ivybridge Foodbank,"Ivybridge Methodist Church, Fore Street, Ivybridge Devon PL21 9AB"
Kensington & Chelsea Foodbank,"240 Lancaster Road, London W11 4AH, United Kingdom"
Kettering District Foodbank,"51 Gold St, Kettering, Northants, NN16 8JB"
Keynsham Foodbank,"91 Lays Drive, Keynsham BS31 2LD, United Kingdom"
Kidderminster Foodbank,Baxter Church Hall  The Bull Ring  Kidderminster  DY10 2AA
King's Lynn Foodbank,"St Margaret's Lane,  King's Lynn  PE30 5DS"
Kingfisher Foodbank,"Auckland Hall, 25 Sunbeam Close, Birmingham, West Midlands B36 9JR, UK"
Kingston Foodbank,"444 Ewell Road, Surbiton KT6 7EL, United Kingdom"
Kinson & West Howe Foodbank,St Andrews Church Centre Milhams Road Bournemouth BH10 7LN
Knottingley Foodbank,"Knottingley, Knottingley, West Yorkshire WF11 9BU, UK"
Knowsley Foodbank,"Huyton L36 6AP, United Kingdom"
Larne Foodbank,"10 Brustin Brae Rd, Larne BT40 2HS, UK"
Launceston Foodbank,Unit 13D Newport Industrial Estate Launceston Cornwall PL15 8EX
Leeds North & West Foodbank,ls3 1jx
Leeds South & East Foodbank,7 Lenton Drive Parkside Industrial Estate  LS11 5JW
Leek & District Foodbank,"34 West Street, Leek, Staffordshire ST13 8AA, United Kingdom"
Leicester South  Foodbank,"Bull Head Street, 56 Bull Head St, Wigston, Leicestershire LE18 1PA, UK"
Letchworth Foodbank,"Mrs Howard Memorial Hall, Norton Way South, Letchworth Garden City, United Kingdom"
Levenmouth Foodbank,Methil Evangelical Church Bowling Green Street Methil KY8 3DH
Lewisham Foodbank,"Hope Centre, Malham Road, Forest Hill, London SE23 1AN"
Lichfield Foodbank,"Wade Street Church, Lichfield, United Kingdom"
Lincoln Foodbank,"Bridge Community Centre, 70a Newark Road, Lincoln, LN5 8PY"
Lisburn Foodbank,1-3 Graham Gardens Lisburn BT28 1XE
Liskeard & Looe Foodbank,"3 Barras Pl, Liskeard, Cornwall PL14, UK"
Littlehampton & District Foodbank,"Fitzalan Road, Littlehampton, West Sussex BN17, UK"
Llandrindod Foodbank,"Crescent Chambers, South Cres, Llandrindod Wells LD1 5DH, UK"
Llanelli Foodbank,"Myrtle Terrace, Llanelli, Carmarthenshire SA15 1LH, United Kingdom"
Lochaber Foodbank,"Lochaber Loch, Dumfries, UK"
Long Eaton & Sawley Foodbank,"Long Eaton, Nottingham, Derbyshire NG10 4NE, UK"
Loughborough Area Foodbank,LE11 4RL
Lowestoft Foodbank,"Lowestoft Community Church The Depot, 8 Hadenham Road,  Lowestoft NR33 7NF"
Lutterworth and Villages Foodbank,"Church Gate, Lutterworth, Leicestershire LE17 4AN, United Kingdom"
Magherafelt Foodbank,"Magherafelt Baptist Church, 6 Ballyronan Road, Magherafelt, Londonderry, BT45 6BP"
Malmesbury & District Foodbank,"15 West St, Malmesbury, Wiltshire SN16 0AR, UK"
Malvern Hills Foodbank,"52.124636, -2.305310"
Manchester Central Foodbank,"Avila House RC Chaplaincy, Manchester M13, UK"
Manchester South Central Foodbank,"Royce Road, Manchester, Manchester M15, UK"
Market Drayton Foodbank,"Church Street, Market Drayton TF9 1AF, United Kingdom"
Medway Foodbank,"19 Riverside 1, Sir Thomas Longley Road, Medway City Estate, ROCHESTER, Kent ME2 4DP"
Merthyr Cynon Foodbank,"Lon Maes Du, Cefn-coed-y-cymmer, Merthyr Tydfil CF48, UK"
Mid Cheshire Foodbank,"Winsford CW7 2GN, United Kingdom"
Mid Norfolk Foodbank,Wellspring Family Church 35 Neatherd Road Dereham NR19 2AE
Middlesbrough Foodbank,"9-10 Wallis Rd, Middlesbrough TS6, UK"
Middleton Central,"Limetrees Rd, Middleton, Manchester M24, UK"
Middlewich & District Foodbank,"34-36 Brooks Lane, Middlewich, Cheshire East CW10 0JG, UK"
Midlothian Foodbank,96 Hunterfield Road Gorebridge Midlothian EH23 4TT
Monmouth and District Foodbank,"Monmouth Baptist Church, Monmouth NP25 3LR, UK"
Morecambe Bay Foodbank,"West End Community Centre, Westminster Road, Morecambe, LA4 4JE"
Muswell Hill Foodbank,70 Pembroke Road Muswell Hill London N10 2HT
Nantwich Foodbank,"11 Market St, Nantwich, Cheshire East CW5 5DG, UK"
Neath Foodbank,"24 Orchard St, Neath SA11 1DU, UK"
Newark Foodbank,"Barnbygate Methodist Church, Newark, Newark-on-Trent, United Kingdom"
Newcastle (Staffs) Foodbank,ST5 7AS
Newcastle East Foodbank,"Elim Church Newcastle, The Dream Centre, Heaton Road, Newcastle-upon-Tyne, NE6 1SB"
Newcastle West End Foodbank,"Church of the Venerable Bede, West Road, Newcastle upon Tyne NE4 8AQ"
Newham Foodbank,"St Marks Centre, 218 Tollgate Road, Beckton, London, E6 5YA"
Newport Foodbank,"M4, Newport, Newport NP20, UK"
Newtownabbey Foodbank,"258 Carnmoney Rd, Glengormley, Newtownabbey BT36 6JZ, UK"
Newtownards Foodbank,"18A Crawfordsburn Rd, Newtownards BT23 4EA, UK"
Normanton Foodbank,"Castleford Road, Normanton Industrial Estate, Normanton, West Yorkshire WF6 2DP, United Kingdom"
North Ayrshire Foodbank,"150 A Glasgow Street,  Adrossan,  Ayrshire  KA22 8EU"
North Belfast Foodbank,Ekenhead Halls 19 North Circular Road Belfast BT15 5HB
North Bristol Foodbank,North Bristol foodbank 286 Filton Avenue Horfield Bristol BS7 0BA
North Cotswold Foodbank,"Unit 2, Glebe Farm Buildings, Stow Rd, Guiting Power, Cheltenham  GL54 5TZ"
North Enfield Foodbank,Unit 2 Lumina Way Enfield Middlesex EN1 1FS
North Lakes Foodbank,"Lorton Street, Cockermouth, Cumbria CA13 9RH, UK"
North Liverpool Foodbank,"16-18 Larkhill Ln, Liverpool L13 9BL, UK"
North Plymouth Foodbank,"North Plymouth Community Church, Plymbridge Road, Estover  PLYMOUTH, Devon PL6 7LF"
Northern Devon Foodbank,"22 Higher Gunstone, Bideford, Devon EX39 2DG, UK"
Norwich Foodbank,"Henderson Business Centre, 51 Ivy Road, Norwich, Norfolk NR5 8BF, UK"
Norwood & Brixton Foodbank,"1-5 Norwood High St, West Norwood, London SE27 9JX, UK"
Nuneaton Foodbank,CV11 6HN
Oldham Foodbank,"Three Crowns, 1-3 Manchester St, Oldham OL1 1LE, UK"
Orkney Foodbank,"17 Junction Rd, Kirkwall, Orkney KW15 1JY, UK"
Ormskirk Foodbank,"New Church House, Church St, Ormskirk L39 3RD, United Kingdom"
Oswestry and borders Foodbank,"60 Beatrice St, Oswestry, Shropshire SY11 1QW, UK"
Peeblesshire Foodbank,"1 Cavalry Park, Peebles EH45 9BU, UK"
Pembrokeshire Foodbank,"Grace Court House, Market Square, Narberth, Pembrokeshire SA67 7AU, UK"
Penryn & Falmouth Foodbank,"Church Road, Penryn, Cornwall TR10 8DA, UK"
Pershore Foodbank,"Church Walk, Pershore, Worcestershire WR10, UK"
Perth and Kinross Foodbank,PH1 5HY
Peterborough Foodbank,"Dodson Way, Peterborough, UK"
Plymouth Foodbank,"28 Manor Street, Plymouth, Plymouth PL1 1TW, UK"
Pontefract Foodbank,"9 Tanshelf Dr, Pontefract, West Yorkshire WF8 4DH, UK"
Pontypridd Foodbank,"1 Cardiff Rd, Pontypridd, Rhondda Cynon Taff CF37 5LG, UK"
Port Talbot Foodbank,"Carmel Chapel Riverside, Glan-yr-Afon, Port Talbot, Neath, Port Talbot, SA13 1PQ"
Portsmouth Foodbank,King’s Church Hall Fraser Road Southsea PO5 1EE
Potters Bar Foodbank,"Fetherstone Close, Potters Bar, Hertfordshire EN6 5NS, UK"
Prestatyn & Meliden Foodbank,Prestatyn & Meliden Foodbank 200 Victoria Road Prestatyn Denbighshire LL19 7TL
Quinton & Oldbury Foodbank,"30 Quinton Rd W, Quinton, Birmingham B32 2QD, UK"
Rainham Foodbank,"New Road, Rainham RM13 8DR, United Kingdom"
Ramsey Foodbank,St Thomas a Becket Church High Street  Ramsey Cambridgeshire PE26 1DE
Redbridge Foodbank,"14 Granville Rd, Ilford IG1 4JY, UK"
Redcar Area Foodbank,"Craighton House, Redcar TS10, UK"
Redditch Foodbank,"24 Church Green E, Redditch B98 8DE, UK"
Renfrewshire Foodbank,"Westways Business Park, Porterfield Road, Renfrew, United Kingdom"
Rhondda Foodbank,"236-237 East Rd, Tylorstown, Ferndale CF43 3DA, UK"
Rhyl Foodbank,"Christian Centre, Sussex Street, Rhyl LL18 1SE, UK"
Rhymney Valley Foodbank,White Rose Resource Centre Elliotstown New Tredegar NP24 6EF
Ribble Valley Foodbank,"United Reformed Church, Castle Gate, Clitheroe BB7 1AZ, UK"
Richmond Foodbank,"The Vineyard Community Centre, The Vineyard, Richmond TW10 6AQ"
Rickmansworth Foodbank,"Methodist Church, Berry Lane, Rickmansworth, Herts, WD3 7HJ"
Ringwood Foodbank,"Burcombe Ln, Ringwood BH24 3JT, UK"
Risca Foodbank,"66a Commercial Street, Risca, Newport, NP11 6BA"
Rochdale Foodbank,"Mango Bar, 8 S Parade, Rochdale OL16 1LR, UK"
Romsey Foodbank,"Romsey SO51 0HR, United Kingdom"
Rotherham Foodbank,"Rotherham S60 2ER, United Kingdom"
Royston Foodbank,"Royston, UK"
Rugby Foodbank,"8 Newbold Road, Rugby CV21 2LJ, United Kingdom"
Rugeley Foodbank,"Western Springs Rd, Rugeley WS15, UK"
Runcorn & District Foodbank,WA7 2NJ
Runnymede Foodbank,"95 Guildford Street, Chertsey KT16 9AS, UK"
Rutherglen & Cambuslang Foodbank,Atlantic Ocean
Rutland Foodbank,"Rear of 40 Melton Road, Oakham, LE15 6AY"
Ryedale Foodbank,"Hope Central, 62 - 64 Castlegate, Malton, North Yorkshire, YO17 7DZ"
Salford Foodbank,M7 1QE
Salisbury Foodbank,"Ashfield Road Trading Estate, Salisbury, Wiltshire SP2 7HL, UK"
Saltash Foodbank,"18 Belle Vue Road, Saltash, United Kingdom"
Scunthorpe Foodbank,"Scunthorpe Baptist Church, Ashby Road, Scunthorpe, North Lincolnshire DN16 1NR"
Selby & District Foodbank,"24-26 New Ln, Selby YO8 4QB, UK"
Sheffield S6 Foodbank,"St Thomas Church, 6 Gilpin St, Sheffield, South Yorkshire S6 3BL, UK"
Shepway Foodbank,"Sandgate Road, Folkestone CT20 2AF, United Kingdom"
Sherwood Forest Foodbank,"Church St, Mansfield Woodhouse, Mansfield NG19, UK"
Shetland Foodbank,20a St Magnus Street Lerwick Shetland ZE1 0JT
Shoreham Foodbank,"37A Buckingham Rd, Shoreham-by-Sea BN43 5UA, UK"
Skelmersdale Foodbank,"The Ecumenical Centre, Northway, Skelmersdale, WN8 6LU"
Slough Foodbank,"411 Montrose Avenue, Slough SL1 4TJ, UK"
Smethwick Foodbank,"Church Hill St, Smethwick, West Midlands B67 7AH, UK"
Somer Valley Foodbank,"St John's Church, Peasedown Saint John, Bath, Bath and North East Somerset BA2 8AA, UK"
South Ayrshire Foodbank,"New Life Christian Fellowship, New Life Church, 62 Monkton Road, Prestwick KA9 2PA"
South Belfast,"10 University Ave, Belfast BT7 1GY, UK"
South Gwynedd Foodbank,Revelation Elephant Works Park Road Barmouth Gwynedd LL42 1PH
South Liverpool Foodbank,"Bridge Chapel Centre, Heath Road, Liverpool L19 4XR, United Kingdom"
South Normanton Area Foodbank,"35 Church St, South Normanton, Alfreton DE55 2BT, UK"
South Sefton Foodbank,"60 Peel Road, Bootle, Liverpool, Merseyside, L20 4RW"
South Tyneside Foodbank,"Hampden Street Operations Centre,  South Shields, NE33 4JR"
South-West Belfast Foodbank,"122 Stewartstown Rd, Belfast BT11 9JQ, UK"
Southend Foodbank,"484 Southchurch Road, Southend-on-Sea, Southend-on-Sea SS1 2QA, UK"
Southport Foodbank,Lakeside Christian Centre North Promenade Southport PR9 0LA
Southwark Foodbank,"121A Peckham High St, London SE15 5SE, UK"
Sparkhill Foodbank,"Rovex Business Park, Hay Hall Road, Birmingham, United Kingdom"
St Albans and District Foodbank,"28-30 Coldharbour Lane, Harpenden AL5 4UN"
St Austell Foodbank,"The Light & Life Centre, Units 4-5 Brunel Business park, The sidings, St Austell, PL25 4TJ"
St Helens Foodbank,"Atherton St , St Helens ,Merseyside, WA10 2DT"
St Neots Foodbank,"Little End Road, Eaton Socon, Saint Neots, Cambridgeshire PE19 8JH, UK"
Stamford & Oundle Foodbank,"West St, Stamford PE9 2YF, UK"
Stockport Foodbank,Hazel Grove Baptist Church  Station Street  Hazel Grove  Stockport  SK7 4EX
Stoke-on-Trent Foodbank,"Stoke on Trent Foodbank Office & Warehouse (Blurton Methodist Church), Magdalen Rd, Stoke-on-Trent, UK"
Strabane Foodbank,5D BT82 8RJ
Stratford-Upon-Avon Foodbank,"9 Hodgson Rd, Stratford-upon-Avon CV37 0DD, UK"
Stretford Foodbank,"107 Barton Rd, Stretford, Manchester M32 9AF, UK"
Stroud District Foodbank,"Brimscombe GL5 2QQ, United Kingdom"
Sunderland Foodbank,"90 Coronation Street, Sunderland, United Kingdom"
Sutton Foodbank,"Stayton Road, Sutton SM1 2PS, United Kingdom"
Swale Foodbank,Sittingbourne Baptist Church High Street Sittingbourne ME10 4AQ
Swale Foodbank,Sittingbourne Baptist Church High Street Sittingbourne ME10 4AQ
Swanley and District Foodbank,"11 Lynden Way, Swanley BR8 7DN, United Kingdom"
Swansea  Foodbank,"Foodbank, Gorseinon Institute, Lime Street, Gorseinon, Swansea, West Glamorgan SA4 4EE"
Taff-Ely Foodbank,"2 Heol Miskin, Pontyclun, Rhondda Cynon Taf CF72 9AJ, UK"
Tameside East Foodbank,"4 Hall St, Ashton-under-Lyne, Ashton-under-Lyne OL6 6SD, UK"
Tameside South & Longdendale,"42 Melandra Cres, Hyde SK14 3RB, UK"
Tamworth Foodbank,Manna House 258-264 Glascote Road Glascote Tamworth Staffordshire B77 2AY
Taunton Foodbank,"51.0226391, -3.1077361"
Tavistock Foodbank,"Tavistock United Reformed Church, Russell Street, Tavistock, PL19 8BD."
Tewkesbury Foodbank,"76 Church St, Tewkesbury GL20, UK"
The Dukeries and District Foodbank,"New Ollerton, Newark, Nottinghamshire NG22 9QS, UK"
The Forest Foodbank,"Coleford Baptist Church Newland Street,  Coleford,  Gloucestershire,  GL16 8AN"
The Whitehawk Foodbank,"St Cuthmans Church, Whitehawk Way, Whitehawk, Brighton, BN2 5HE"
Thetford Foodbank,"Charles Burrell Centre, Staniforth Road, Thetford IP24 3LH, United Kingdom"
Thurrock Foodbank,SS17 7QH
Tottenham Foodbank,"Tottenham Town Hall, Town Hall Approach Rd, Tottenham, London N15 4RY, UK"
Towcester Foodbank,"Islington Road, Towcester NN12 6AU, United Kingdom"
Trafford South Foodbank,"c/o St Albans Church,  Lindsell Road,  Altrincham,  Cheshire  WA14 5NX"
Truro Foodbank,"All Saints Church, Tresawls Road, Highertown, TRURO, TR1 3LD"
Uckfield Foodbank,"The Source, The Hub, Civic Approach, Uckfield, East Sussex, TN22 1AL"
Uist & Barra Foodbank,East Camp Balivanich Benbecula HS7 5LA
Uttlesford Foodbank,"16 Shire Hill, Saffron Walden CB11 3AU, UK"
Vale Foodbank,"Coastlands Family Church, The Gateway Centre, Tennyson Road, Colcot, Barry, Vale of Glamorgan, CF62 9TN"
Vale of Clwyd Foodbank,"Chapel Street, Denbigh LL16 3SR, United Kingdom"
Vale of Neath Foodbank,Peniel Pentecostal Church New Street Glynneath  SA11 5AA
Vauxhall Foodbank,"105 Tyers St, Lambeth, London SE11, UK"
Wadebridge Foodbank,"Unit 2 Trevanson Street, Wadebridge, Cornwall PL27 7AR"
Walker & District Foodbank,"25 Church St, Newcastle upon Tyne, Tyne and Wear NE6 3DP, UK"
Walsall North Foodbank,"Pelsall Methodist Church, Chapel Street, Pelsall, Walsall, West Midlands WS3 4LN, UK"
Walton & Hersham Foodbank,"Walton-on-Thames KT12, UK"
Wandsworth Foodbank,"17 Boutflower Rd, London SW11 1RE, UK"
Warrington Foodbank,"Tanning Ct, Warrington WA1 2HF, UK"
Warwick District Foodbank,"St. Mary's Church, Royal Leamington Spa, Leamington Spa, United Kingdom"
Waterloo Foodbank,"1 Kennington Road, London SE1 7QP, United Kingdom"
Waterside Foodbank,"193-195 Hampton Lane, Blackfield, Southampton, Hampshire, SO45 1XA"
Watford Foodbank,"4 Empire Centre, Imperial Way, Watford, Hertfordshire WD24 4YH, UK"
Waveney Foodbank,"Unit 9b, Fortress Close, Eye Airfield Ind Estate, Eye, IP23 7HN"
Welshpool and District Foodbank,Kingswood Church Church Road Welshpool Powys SY21 7LN
West Belfast Foodbank,"5-7 Conway Street, Belfast BT13 2DE, United Kingdom"
West Berks Foodbank,"8 Northcroft Ln, Newbury BS4 2EQ, UK"
West Cheshire Foodbank,"Dutton Green, Chester, Cheshire West and Chester CH2 4SA, UK"
West Lothian Foodbank,"Heron Square, Livingston, UK"
Westminster Foodbank,Westminster Chapel Buckingham Gate London SW1E 6BS
Weston Favell Centre Foodbank,"Northampton NN3 8JR, United Kingdom"
Weston-super-Mare Foodbank,"North Street, Weston-super-Mare BS23 1QF, United Kingdom"
Wetherby & District Foodbank,"8 Barleyfields Rd, Wetherby LS22 6PH, UK"
Whitchurch Foodbank,"1 Church Street, Whitchurch, UK"
Widnes Foodbank,"Widnes Foodbank, Widnes, United Kingdom"
Wigtownshire Foodbank,"High Street, Stranraer, Dumfries and Galloway DG9, UK"
Wimbledon Foodbank,"76 Kingston Road, London, UK"
Windermere & District Foodbank,"10A Main Rd, Windermere, Cumbria LA23 1DY, UK"
Wirral Foodbank,Unit 14  Wirral Business Centre  Dock Road  Birkenhead  CH41 1JW
Wisbech Foodbank,"Wisbech Baptist Church, Hill Street, Wisbech, Cambridgeshire PE13 1BD, UK"
Witney Foodbank,"2 Heynes Pl, Station Ln, Witney OX28 4YN, UK"
Woking  Foodbank,"Forsyth Road, Woking GU21 5SB, UK"
Wokingham Foodbank,"Broad Street Walk, Wokingham RG40, UK"
Worcester Foodbank,"7 Lowesmoor Wharf, Worcester WR1 2RS, UK"
Worthing Foodbank,"51-63 St Dunstan's Rd, Worthing BN13 1AA, UK"
Wrexham Foodbank,Unit 1A Puleston Industrial Estate; Ruabon Road Wrexham LL 13 7RF.
Wyke Foodbank,The Hub 68 Blackstone Avenue Wyke Bradford BD12 8SJ
Wythenshawe Foodbank,"Wythenshawe, United Kingdom"
Yate & Chipping Sodbury Foodbank,"286 Filton Avenue, Bristol, UK"
Yiewsley & West Drayton Foodbank,St Matthew's Church Centre High Street Yiewsley UB7 7QH
York Foodbank,
